系统,轻快型配置,轻快型重量(g),均衡型配置,均衡型重量(g),重装型配置,重装型重量(g),备注/来源摘要
"1 驱动电机","4×N20 HP带编码器(11g×4)","44","4×25mm减速电机(≈100g×4，估)","400","4×25mm大扭矩档(≈100g×4，估)","400","重装建议换37mm需再+200g"
"2 轮胎/轮组(含联轴器/支架)","4×Ø43硅胶轮+联轴器","63","4×65mm橡胶轮35-40g+支架","165","4×Ø65橡胶轮+加厚支架","170","65mm轮实测35-40g/个"
"3 电池(含接头/扎带)","2S 850mAh LiPo(49g)","50","3S 1300mAh LiPo(115g)","115","3S 1300mAh LiPo(123g)","123","18650 圆柱方案可减重但需自组"
"4 主控/计算","ESP32-S3 DevKit(估25g)","25","K230(31g)+STM32F407核心板(≈30g，估)","61","RK3588(86.5g)+STM32F407核心板(≈30g，估)","117","Jetson Orin Nano DK=175g，超预算"
"5 相机/视觉","OV5647模块+FFC(≈6g，估)","6","OV5647+支架","10","OAK-D Lite(61g)","61","OAK-D Lite官方61g/4TOPS/5W"
"6 传感器","GY-521(4g)+VL53L5CX(0.5g)","5","GY-521+VL53L5CX+编码器","8","IMU+ToF+LD19激光雷达(47g)","52","LD19官方47g(不含线)"
"7 电机驱动/电源板","TB6612+5V DCDC","17","双驱动板+DCDC","25","双驱动板+DCDC","30","按实际板型修正"
"8 结构(车体/支架/护板)","PLA打印+少量加强","330","打印车体+碳板底盘","350","打印+碳板+铝件","300","见材料换算节"
"9 执行机构(推/拨)","2×MG90S(13.4g)+推板","52","2×MG996R(55g)+推板","150","2×DS3218(60g)+推板铲板","140","舵机含舵盘/螺丝"
"10 线材/接插件/扎带","按总重≈6%预留","40","按总重≈5%预留","60","按总重≈4%预留","50","越短越轻，避免杜邦线"
"11 紧固件+杂项","尼龙/塑料为主","50","混合","60","混合+防撞件","48","螺丝按0.3-1g/颗估"
"分系统合计(g)","→",=SUM(C2:C12),"→",=SUM(E2:E12),"→",=SUM(G2:G12),"三列合计（Excel/WPS 自动计算；文本值: 682/1404/1491）"
"规则上限(g)",,,1500,,1500,,1500
"剩余余量(g)","1500-合计",=1500-SUM(C2:C12),"",=1500-SUM(E2:E12),"",=1500-SUM(G2:G12),"负值=超限，必须削减"
"校核结果",,"PASS 余量818g","","PASS 余量96g","","PASS 余量9g（极小，加装即超限）","总重≤1500g 为硬性规则"
"备注1",,,,,,,,"重量为部件本身克重，未含胶水/双面胶/标签等增重（建议再留20-30g）"
"备注2",,,,,,,,"估算值(低置信度)已标注，实际采购后须逐一上秤更新本表"
"备注3",,,,,,,,"规则来源：2027工创赛智能救援命题与运行文本：整机≤1.5kg、300×300mm、高≤200mm（含软线）"
