仓库,Star,最后更新,简介,大小KB,语言,链接
Thirtynine3939/2025GongChuang_AGV,138,2025-08-15,2025工创赛物流搬运赛道 | 代码、电路、结构开源,132373,Python,https://github.com/Thirtynine3939/2025GongChuang_AGV
yuanxiexie531-glitch/gcs-gold-medal,117,2026-09-09,2025年中国大学生工程实践与创新能力大赛物流搬运赛道国金获奖作品开源[全国第六][江苏省冠],203662,C,https://github.com/yuanxiexie531-glitch/gcs-gold-medal
aystmjz/Stepping-Motor-Car,97,2024-10-26,基于stm32控制的步进电机机械臂物流搬运小车，双pid控制环+陀螺仪+树莓派视觉，工创赛国银,518,C,https://github.com/aystmjz/Stepping-Motor-Car
ATouDouYo619/2025-Intelligent-logistics-handling,50,2025-09-04,用于存储2025年智能物流搬运的资料,20008,C,https://github.com/ATouDouYo619/2025-Intelligent-logistics-handling
darrrt/EngineeringInnovationComp2023,49,2023-04-26,工程创新竞赛智能物流小车搬运赛道2023省赛,45472,Python,https://github.com/darrrt/EngineeringInnovationComp2023
zpclyn/GongXun2025,34,2025-11-13,2025年工训赛智能物流开源,121663,C,https://github.com/zpclyn/GongXun2025
ArnoldZhou/Arduino-LogisticsCar,26,2019-07-26,基于Arduino MEGA2560的智能物流小车,49,C++,https://github.com/ArnoldZhou/Arduino-LogisticsCar
innns/GCXL-Conveying-Robot-CV,15,2024-10-29,工程训练大赛 2021国赛 智能搬运机器人 视觉代码。UESTC Ordinary Car。,25766,C++,https://github.com/innns/GCXL-Conveying-Robot-CV
zhiyyyu/GCXL-Vision-2021,15,2022-09-27,2021全国大学生工程训练综合能力竞赛智能物流搬运赛道视觉开源代码.,15470,C++,https://github.com/zhiyyyu/GCXL-Vision-2021
niutu1224/logistics_robot2021,13,2023-03-27,第七届全国大学生工程训练综合能力竞赛，物流小车，机器人竞赛,103,C,https://github.com/niutu1224/logistics_robot2021
lifuguan/gx2019_omni_simulations,13,2019-11-07,"第六届全国大学生工程训练综合能力竞赛. Using OpenCV , ROS , VISP.",2183,C++,https://github.com/lifuguan/gx2019_omni_simulations
causcocharles/Automated_Guided_Vehicle,9,2022-12-09,Project codes and reference material of automated guided vehicle for Engineering Innovation Competition. 工程创新大赛智能物流小车项目资,145875,C++,https://github.com/causcocharles/Automated_Guided_Vehicle
sincerely-hello-world/SmartCar,9,2023-09-24,工程创新赛智能搬运小车2023,214443,C,https://github.com/sincerely-hello-world/SmartCar
cheese-shredded-ice/gongchuangsai_MBH,8,2026-08-16,26年广东工创赛智能物流搬运,58873,C,https://github.com/cheese-shredded-ice/gongchuangsai_MBH
NanoPangBZ/SmartCar-For-GCXLDS,8,2021-04-03,2021年工程训练大赛智能搬运机器人,14067,C,https://github.com/NanoPangBZ/SmartCar-For-GCXLDS
Pr0ximah/logisticCar_prp43,8,2024-03-14,Arduino智能物流小车 [全向移动麦轮底盘，多自由度机械臂控制],79,C++,https://github.com/Pr0ximah/logisticCar_prp43
liaojingwu20041031/GX-Intelligent-Logistics-Silver,7,2026-05-14,🏆【2025国银开源】中国大学生工程实践与创新能力大赛-智能物流赛道智能车全套软硬件方案。包含STM32主控代码、机器视觉识别、路径规划与PID控制算法等。National Silver Award Project.,6354,C,https://github.com/liaojingwu20041031/GX-Intelligent-Logistics-Silver
ANGJustinl/gcxl_2025,6,2025-12-02,2025中国大学生工程实践与创新能力大赛,159005,Python,https://github.com/ANGJustinl/gcxl_2025
landor163/Logistics-handling_V2.7,6,2021-07-31,物流搬运小车,2126,C,https://github.com/landor163/Logistics-handling_V2.7
0alisia/gcxl2025,5,2025-08-07,,2835,C,https://github.com/0alisia/gcxl2025
Chemcrin/IntelligentTransformCart,5,2026-07-07,CTGU 天问 个性化 智能物流搬运小车 全代码与建模集成,157420,C,https://github.com/Chemcrin/IntelligentTransformCart
Ycn115/enginer-train,5,2026-04-05,2025工创赛，物流搬运赛项代码,1919,C,https://github.com/Ycn115/enginer-train
Pr0ximah/LogisticCar_NEW,3,2024-04-24,工训赛智能物流赛道——小车控制程序,162,C,https://github.com/Pr0ximah/LogisticCar_NEW
pieceofApple/Intelligent-logistics-car,3,2024-09-09,2023年中国大学生工程实践与创新能力大赛,4947,C,https://github.com/pieceofApple/Intelligent-logistics-car
wwwgb/intelligent_logistics,3,2025-07-04,全国大学生工程实践与创新能力大赛——智能物流赛道银奖开源,17401,C,https://github.com/wwwgb/intelligent_logistics
Wuyanzu-wuhu/gc-stm32F4-,3,2026-08-21, STM32F4视觉微调到麦轮漂移：25–26 广东省工创赛物流搬运赛道省赛控制端视觉端代码,3141,C,https://github.com/Wuyanzu-wuhu/gc-stm32F4-
Jees996/Eng-Prac-2025,3,2026-01-14,2025年中国大学生工程实践与创新能力大赛 - 视觉识别与UART通信源码,26,Python,https://github.com/Jees996/Eng-Prac-2025
GongHailong08/ArmRobot,2,2020-12-26,A robotic project for a competition(GCXL),593,C++,https://github.com/GongHailong08/ArmRobot
LuckyE993/gcxl2023,2,2024-09-20,This is the repository for GCXL2024 belonging to the SAU team.,12249,Python,https://github.com/LuckyE993/gcxl2023
WindowsXp-Beta/intelligent_transporting_robot,2,2021-11-20,上海市工程训练综合能力竞赛——智能搬运车 sjtu repo,24178,Python,https://github.com/WindowsXp-Beta/intelligent_transporting_robot
mxyxbb/MAX7219_MATRIX_STM32_HAL_sp_purpose,2,2021-02-24,"MAX7219 driver using stm32f407vet6 cubeMX hal, and specially designed for the 第七届工程训练大赛-物流机器人",4,C,https://github.com/mxyxbb/MAX7219_MATRIX_STM32_HAL_sp_purpose
dixiatielu/DeliveryCarVision,2,2024-11-18,2025年中国大学生工程实践与创新能力大赛 智能物流小车视觉部分,24486,C++,https://github.com/dixiatielu/DeliveryCarVision
Blue-Net-Team/Engineering-innovation-competition-vision,2,2025-03-31,2025广东赛区工程实践与创新能力大赛，视觉识别代码。使用了本团队讨论中的#8,15321,Python,https://github.com/Blue-Net-Team/Engineering-innovation-competition-vision
Amstriver/Ingent_handling,2,2025-08-26,2024年工训赛智能物流搬运,9704,Python,https://github.com/Amstriver/Ingent_handling
CycleYerik/logistics_handling_robot_demo,2,2026-06-09,智能物流搬运机器人演示demo,681,,https://github.com/CycleYerik/logistics_handling_robot_demo
zhanghaitao2013/Logistics_Car,2,2021-04-24,工训物流搬运小车,336,,https://github.com/zhanghaitao2013/Logistics_Car
hf-zhao/Intelligent-Logistics-Robot,2,2021-01-29,智能机器人项目研发，针对物流搬运,331672,Roff,https://github.com/hf-zhao/Intelligent-Logistics-Robot
3457109829zzx-svg/CraneRobot,2,2026-05-26,第八届起重机创意赛（2023）· 塔吊式物流搬运机器人。基于STM32F103VET6与HAL库设计   电控系统，采用增量式PID实现光电循迹与JY61陀螺仪航向闭环控制。机械结构包含滑轨   底盘、回转支承云台、同步带变幅小车、步进丝杆,13604,C,https://github.com/3457109829zzx-svg/CraneRobot
kalun1031-dev/RC2026-,2,2026-08-24,工程竞技类智能搬运小车,166989,C,https://github.com/kalun1031-dev/RC2026-
LuckyE993/GCXL2024,1,2025-04-27,This is the repository for GCXL2024 belonging to the SAU team.,1218,C,https://github.com/LuckyE993/GCXL2024
GYD-418/smart-logistics-robot-2024,1,2026-08-24,2024 工程训练大赛：智能物流搬运小车（三 STM32 板协同 + OpenMV + 语音 + 西门子 HMI）,91523,C,https://github.com/GYD-418/smart-logistics-robot-2024
BUYANjust/logistics-smart-car,1,2025-09-17,在比赛环境下的智能巡线物流小车，完成识别不同色块并且搬运到指定地点的比赛任务,10741,C++,https://github.com/BUYANjust/logistics-smart-car
Fawziya25/AGV_Project,1,2026-09-13,工创赛物流小车,15918,C,https://github.com/Fawziya25/AGV_Project
Alan-12138/GX,1,2025-02-25,"工程实践与创新能力大赛代码，STM32F407主控，树莓派(opencv),K210",5990,,https://github.com/Alan-12138/GX
Oples-Xi/Oct_race,1,2026-09-04,"2027年第十届中国大学生工程实践与创新能力大赛,智能分拣赛项",7819,C,https://github.com/Oples-Xi/Oct_race
Tuzfucius/Unofficial-Guide-to-Engineering-Practice-Innovation-Competition,1,2026-03-08,大学生工程实践与创新能力大赛的非官方指南by ZJUT,11026,C,https://github.com/Tuzfucius/Unofficial-Guide-to-Engineering-Practice-Innovation-Competition
agti0601/Intelligentlogistics_car,1,2023-09-17,在校期间的智能物流搬运项目,120,Python,https://github.com/agti0601/Intelligentlogistics_car
wxnlP/competition2023,1,2024-11-14,工程实践与创新能力大赛,152982,Python,https://github.com/wxnlP/competition2023
travis-ge/Gcxl,0,2021-10-03,2021年工创赛,2668,C,https://github.com/travis-ge/Gcxl
moyan-git/Logistics-handling-trolley,0,2026-09-13,"广东省大学生工程实践与创新能力大赛""智能+""赛道智能物流搬运小车设计",0,,https://github.com/moyan-git/Logistics-handling-trolley
pinksakuragit/Logistics_Vehicle_F407_V2,0,2025-12-18,西安理工大学 工创赛2025-智能物流搬运塔吊方案开源,1,,https://github.com/pinksakuragit/Logistics_Vehicle_F407_V2
lambdalaiwx/robot-car-2026,0,2026-06-02,比赛代码和流程备份（工创赛智能物流搬运+CRAIC全地形小车）,116,C++,https://github.com/lambdalaiwx/robot-car-2026
liangtian061109/stm32f407forgongchuang,0,2026-09-13,基于stm32f407完成2027年工创物流搬运小车,0,,https://github.com/liangtian061109/stm32f407forgongchuang
ADgainai-Li/-,0,2025-03-31,2025工创智能物流赛道,0,,https://github.com/ADgainai-Li/-
jaspancelan/gcxl,0,2026-09-24,content,832,,https://github.com/jaspancelan/gcxl
